City_ID,City,Country,Lat,Lng,Max Temp,Humidity,Cloudiness,Wind Speed,Current Description
0,Comodoro Rivadavia,AR,-45.8667,-67.5,39.06,93,90,0.0,overcast clouds
1,Auki,SB,-8.7676,160.7034,75.78,89,41,3.04,scattered clouds
2,Hobart,AU,-42.8794,147.3294,41.05,89,10,3.0,clear sky
3,Morehead,US,37.2711,-87.1764,61.0,52,1,1.99,clear sky
4,Hervey Bay,AU,-25.2986,152.8535,57.04,80,78,1.01,broken clouds
5,Butaritari,KI,3.0707,172.7902,82.56,79,86,14.09,light rain
6,Sitka,US,57.0531,-135.33,51.69,71,90,9.22,light rain
7,Idrinskoye,RU,54.3708,92.1358,46.54,60,81,2.3,broken clouds
8,Dikson,RU,73.5069,80.5464,31.69,92,100,13.13,overcast clouds
9,Longyearbyen,SJ,78.2186,15.6401,33.64,75,75,0.0,broken clouds
10,Bredasdorp,ZA,-34.5322,20.0403,61.92,67,100,2.55,overcast clouds
11,Atuona,PF,-9.8,-139.0333,80.24,60,100,6.96,overcast clouds
12,Donnacona,CA,46.6804,-71.7239,61.16,39,1,9.78,clear sky
13,Port Alfred,ZA,-33.5906,26.891,60.35,58,18,7.05,few clouds
14,Rikitea,PF,-23.1203,-134.9692,74.1,84,100,18.63,light rain
15,Aksu,CN,41.1231,80.2644,82.38,13,96,6.73,overcast clouds
16,San Ramon,US,37.7799,-121.978,63.09,81,1,2.82,clear sky
17,Hilo,US,19.7297,-155.09,80.28,86,90,4.61,overcast clouds
18,Lujan,AR,-34.5703,-59.105,58.98,47,10,6.98,clear sky
19,Cape Town,ZA,-33.9258,18.4232,65.12,45,20,4.14,few clouds
20,Saskylakh,RU,71.9167,114.0833,36.41,89,100,3.33,overcast clouds
21,Liberal,US,37.0431,-100.921,58.23,94,90,16.11,moderate rain
22,Hithadhoo,MV,-0.6,73.0833,83.14,73,49,16.82,scattered clouds
23,Adrar,MR,20.5022,-10.0711,107.46,11,67,8.68,broken clouds
24,Viedma,AR,-40.8135,-62.9967,54.68,40,36,14.56,scattered clouds
25,Onega,RU,63.9061,38.1404,45.7,48,19,4.88,few clouds
26,Pundaguitan,PH,6.3711,126.1689,77.43,87,100,3.67,moderate rain
27,Makakilo City,US,21.3469,-158.0858,71.92,83,1,4.61,clear sky
28,Brownsville,US,25.9018,-97.4975,85.01,79,40,5.99,scattered clouds
29,Barinitas,VE,8.7622,-70.4111,81.88,59,72,6.22,broken clouds
30,Clyde River,CA,70.4692,-68.5914,30.43,86,75,3.44,broken clouds
31,Noumea,NC,-22.2763,166.4572,70.0,99,100,9.28,overcast clouds
32,Puerto Colombia,CO,10.9878,-74.9547,87.89,74,97,6.26,overcast clouds
33,Romny,UA,50.751,33.4747,50.65,87,100,10.58,overcast clouds
34,Puerto Ayora,EC,-0.7393,-90.3518,78.76,80,94,8.01,overcast clouds
35,Provideniya,RU,64.3833,-173.3,40.37,58,2,10.92,clear sky
36,Punta Arenas,CL,-53.15,-70.9167,35.71,60,75,9.08,broken clouds
37,East London,ZA,-33.0153,27.9116,62.96,50,29,6.78,scattered clouds
38,Chuy,UY,-33.6971,-53.4616,54.7,48,3,12.5,clear sky
39,Aguadilla,PR,18.4275,-67.1541,88.93,70,1,1.99,clear sky
40,Castro,BR,-24.7911,-50.0119,56.89,98,100,3.71,overcast clouds
41,Mahebourg,MU,-20.4081,57.7,75.49,83,20,1.14,few clouds
42,Jamestown,US,42.097,-79.2353,60.39,58,90,16.11,overcast clouds
43,Kontagora,NG,10.3999,5.4695,100.99,23,21,7.38,few clouds
44,Busselton,AU,-33.65,115.3333,55.09,75,100,15.57,overcast clouds
45,Genthin,DE,52.4,12.1667,71.29,53,61,7.7,broken clouds
46,Labuhan,ID,-6.8844,112.2051,79.45,82,100,3.98,overcast clouds
47,Cozieni,RO,45.3333,26.4833,62.33,66,100,2.19,overcast clouds
48,Ushuaia,AR,-54.8,-68.3,29.86,100,90,5.75,snow
49,Bluff,NZ,-46.6,168.3333,49.8,95,100,21.92,overcast clouds
50,Constitucion,CL,-35.3333,-72.4167,58.41,51,72,6.13,broken clouds
51,Birao,CF,10.2849,22.7882,102.45,16,37,3.87,scattered clouds
52,Port-Gentil,GA,-0.7193,8.7815,84.16,79,75,14.97,broken clouds
53,Lompoc,US,34.6391,-120.4579,65.12,82,90,6.91,overcast clouds
54,Brae,GB,60.3964,-1.353,49.91,77,7,12.24,clear sky
55,Mataura,NZ,-46.1927,168.8643,49.48,99,100,3.56,overcast clouds
56,General Cepeda,MX,25.3833,-101.45,65.61,44,33,6.29,scattered clouds
57,Merauke,ID,-8.4667,140.3333,75.52,86,76,12.48,broken clouds
58,Mehamn,NO,71.0357,27.8492,42.98,87,75,23.02,broken clouds
59,Xuddur,SO,4.1213,43.8894,81.77,43,89,10.11,overcast clouds
60,Komsomolskiy,UZ,40.4272,71.7189,85.42,21,25,18.41,scattered clouds
61,Biak,ID,-0.9131,122.8766,76.37,87,45,3.31,scattered clouds
62,Sistranda,NO,63.7256,8.834,51.76,78,88,5.91,overcast clouds
63,Upernavik,GL,72.7868,-56.1549,31.64,94,100,8.39,overcast clouds
64,Bengkulu,ID,-3.8004,102.2655,76.6,90,100,4.97,moderate rain
65,Severo-Kurilsk,RU,50.6789,156.125,38.89,97,100,13.02,light rain
66,Albany,US,42.6001,-73.9662,50.36,90,100,4.99,moderate rain
67,Wahpeton,US,46.2652,-96.6059,63.77,82,75,9.22,broken clouds
68,Asau,RO,46.4333,26.4,65.32,61,61,3.47,broken clouds
69,San Cristobal,VE,7.7669,-72.225,75.38,48,49,6.6,scattered clouds
70,Yellowknife,CA,62.456,-114.3525,41.56,70,75,11.5,broken clouds
71,Lavrentiya,RU,65.5833,-171.0,30.33,82,6,11.07,clear sky
72,Ugoofaaru,MV,5.6667,73.0,84.02,75,99,19.98,overcast clouds
73,Saint-Francois,FR,46.4154,3.9054,73.18,34,0,8.05,clear sky
74,Havelock,US,34.8791,-76.9013,64.35,94,90,1.99,overcast clouds
75,Kahului,US,20.8947,-156.47,73.85,81,1,6.91,clear sky
76,Victoria,HK,22.2855,114.1577,87.33,87,98,7.0,overcast clouds
77,Valley,US,45.1277,-116.1262,43.41,32,6,1.86,clear sky
78,Chokurdakh,RU,70.6333,147.9167,50.81,48,22,9.46,few clouds
79,Rochegda,RU,62.8,43.25,46.89,50,85,4.65,overcast clouds
80,Fortuna,US,40.5982,-124.1573,56.66,87,97,5.32,overcast clouds
81,Batemans Bay,AU,-35.7167,150.1833,43.92,86,0,4.32,clear sky
82,Wladyslawowo,PL,54.7909,18.4009,57.65,68,41,13.65,scattered clouds
83,Pandan,PH,14.0453,124.1694,80.58,84,100,4.59,overcast clouds
84,Esterhazy,CA,50.65,-102.0843,52.66,58,52,14.27,broken clouds
85,Campbell River,CA,50.0163,-125.2446,54.59,95,90,2.3,overcast clouds
86,Mount Gambier,AU,-37.8333,140.7667,42.71,81,19,8.05,few clouds
87,Pedasi,PA,7.5333,-80.0333,78.44,71,48,5.77,scattered clouds
88,Zunyi,CN,27.6867,106.9072,65.97,82,58,1.36,broken clouds
89,Faanui,PF,-16.4833,-151.75,79.79,78,88,13.85,light rain
90,Port Hedland,AU,-20.3167,118.5667,66.25,82,90,6.91,overcast clouds
91,Fairbanks,US,64.8378,-147.7164,53.56,65,1,10.36,clear sky
92,Nanortalik,GL,60.1432,-45.2371,36.97,88,97,15.86,overcast clouds
93,Barrow,US,71.2906,-156.7887,28.42,93,90,11.5,overcast clouds
94,Kruisfontein,ZA,-34.0033,24.7314,58.89,66,100,8.37,overcast clouds
95,Saint George,US,37.1041,-113.5841,83.35,16,1,1.01,clear sky
96,Anadyr,RU,64.75,177.4833,37.9,64,0,6.55,clear sky
97,Cabedelo,BR,-6.9811,-34.8339,84.87,75,78,13.42,broken clouds
98,Santa Isabel Do Rio Negro,BR,-0.4139,-65.0192,83.77,78,61,3.98,broken clouds
99,San Quintin,MX,30.4833,-115.95,59.38,75,100,9.71,overcast clouds
100,Ola,RU,59.5833,151.2833,35.44,99,100,4.68,light rain
101,Kyshtovka,RU,56.555,76.6271,63.43,68,15,9.17,few clouds
102,Tombouctou,ML,20.0,-3.0,110.82,4,78,10.67,broken clouds
103,Maldonado,UY,-34.6667,-54.9167,53.22,51,8,15.48,clear sky
104,Vaini,TO,-21.2,-175.2,78.01,84,93,14.2,light rain
105,Hermanus,ZA,-34.4187,19.2345,64.9,73,95,4.27,overcast clouds
106,Kapaa,US,22.0752,-159.319,71.58,88,1,3.18,clear sky
107,Pacific Grove,US,36.6177,-121.9166,56.43,87,90,3.0,overcast clouds
108,Arraial Do Cabo,BR,-22.9661,-42.0278,80.56,78,0,9.22,clear sky
109,Kitimat,CA,54.0524,-128.6534,50.92,95,100,0.27,moderate rain
110,Carauari,BR,-4.8828,-66.8958,91.11,51,66,3.53,broken clouds
111,Palmer,US,42.1584,-72.3287,49.48,83,90,1.01,heavy intensity rain
112,Kutum,SD,14.2,24.6667,94.78,12,18,11.56,few clouds
113,Lebu,CL,-37.6167,-73.65,54.3,66,100,4.05,light rain
114,Bonavista,CA,48.6499,-53.1147,64.4,70,5,2.59,clear sky
115,Tuktoyaktuk,CA,69.4541,-133.0374,33.8,64,40,9.22,scattered clouds
116,Bjorkelangen,NO,59.8848,11.5694,82.69,38,4,9.04,clear sky
117,Farafangana,MG,-22.8167,47.8333,73.38,87,3,9.69,light rain
118,Shakhtinsk,KZ,49.71,72.5872,72.16,37,34,11.05,scattered clouds
119,Nueva Loja,EC,0.0847,-76.8828,71.08,100,90,2.3,moderate rain
120,Paamiut,GL,61.994,-49.6678,35.47,92,78,20.92,broken clouds
121,Geraldton,AU,-28.7667,114.6,61.21,77,75,16.53,light rain
122,Mashhad,IR,36.297,59.6062,96.94,19,20,9.22,few clouds
123,Airai,TL,-8.9266,125.4092,58.87,91,99,1.92,overcast clouds
124,Karema,TZ,-6.8205,30.4389,72.93,68,12,4.0,few clouds
125,Kushmurun,KZ,52.4503,64.6311,66.99,77,66,1.74,moderate rain
126,Khatanga,RU,71.9667,102.5,35.85,99,100,3.89,overcast clouds
127,Gap,FR,44.6667,6.0,55.83,60,90,4.74,overcast clouds
128,Husavik,IS,66.0449,-17.3389,57.11,48,90,18.59,overcast clouds
129,Taitung,TW,22.7583,121.1444,81.7,86,100,6.6,heavy intensity rain
130,Sao Filipe,CV,14.8961,-24.4956,73.26,79,94,9.8,overcast clouds
131,Nikolskoye,RU,59.7035,30.7861,55.29,36,9,7.96,clear sky
132,Saint-Denis,FR,48.9167,2.3333,76.14,39,0,8.99,clear sky
133,Tiksi,RU,71.6872,128.8694,30.87,95,6,7.85,clear sky
134,Avera,US,33.194,-82.5271,74.71,52,49,7.96,scattered clouds
135,Leshukonskoye,RU,64.8989,45.7622,44.24,50,97,6.08,overcast clouds
136,Rabo De Peixe,PT,37.8,-25.5833,67.51,60,20,10.67,few clouds
137,Aritao,PH,16.2979,121.0345,75.6,94,86,1.32,overcast clouds
138,Champasak,LA,14.75,106.0,80.67,80,100,0.2,overcast clouds
139,Bontang,ID,0.1333,117.5,80.49,84,65,8.46,broken clouds
140,Ilhabela,BR,-23.7781,-45.3581,72.05,94,100,3.4,overcast clouds
141,Golub-Dobrzyn,PL,53.1109,19.0538,57.42,65,51,12.77,broken clouds
142,Saint Anthony,US,45.0205,-93.218,56.01,72,90,1.99,overcast clouds
143,Saurimo,AO,-9.6608,20.3916,73.36,35,62,3.8,broken clouds
144,Nome,US,64.5011,-165.4064,46.47,37,1,18.41,clear sky
145,Thompson,CA,55.7435,-97.8558,39.36,81,90,6.91,overcast clouds
146,Flinders,AU,-34.5833,150.8552,53.2,80,29,1.01,scattered clouds
147,Dunedin,NZ,-45.8742,170.5036,50.81,98,100,10.65,overcast clouds
148,Diamantino,BR,-14.4086,-56.4461,89.58,33,81,3.11,broken clouds
149,Clarksburg,US,39.2807,-80.3445,55.8,78,90,4.23,overcast clouds
150,Bubaque,GW,11.2833,-15.8333,78.03,73,59,13.33,broken clouds
151,Ixtapa,MX,20.7,-105.2,81.23,78,1,0.0,clear sky
152,Havre,FR,49.5833,0.3333,71.58,68,43,11.43,scattered clouds
153,Kavieng,PG,-2.5744,150.7967,81.16,80,96,9.48,moderate rain
154,Warmbad,NA,-28.45,18.7333,65.35,29,12,7.45,few clouds
155,Raga,SS,8.4596,25.678,88.43,35,65,7.34,broken clouds
156,Bambous Virieux,MU,-20.3428,57.7575,75.45,83,20,6.2,few clouds
157,Yatou,CN,37.15,122.3833,57.34,97,26,4.85,light rain
158,Zaranj,AF,30.9667,61.8833,100.36,7,0,18.05,clear sky
159,Vila Velha,BR,-20.3297,-40.2925,87.75,60,0,7.0,moderate rain
160,Ilinskiy,RU,55.619,38.1182,56.52,44,0,11.18,clear sky
161,Marawi,PH,7.9986,124.2928,68.65,93,100,1.77,moderate rain
162,Araguaina,BR,-7.1911,-48.2072,90.54,30,37,7.29,scattered clouds
163,Hinatuan,PH,8.3722,126.3342,75.79,95,100,5.55,overcast clouds
164,Kedrovyy,RU,56.1667,91.8167,37.81,67,25,2.3,scattered clouds
165,Roald,NO,62.5833,6.1333,71.17,71,0,9.22,clear sky
166,Bellevue,US,47.6104,-122.2007,63.55,71,1,1.01,clear sky
167,Saint-Philippe,RE,-21.3585,55.7679,72.95,86,34,9.37,scattered clouds
168,Port Hawkesbury,CA,45.6169,-61.3485,59.09,75,75,5.01,broken clouds
169,Lata,PT,40.1629,-8.3327,91.72,51,42,10.4,scattered clouds
170,Carnarvon,AU,-24.8667,113.6333,60.87,94,0,8.05,clear sky
171,Conceicao Do Mato Dentro,BR,-19.0372,-43.425,83.68,44,70,5.03,broken clouds
172,Pekin,CN,39.9075,116.3972,70.21,67,50,4.9,light rain
173,Cherskiy,RU,68.75,161.3,50.94,48,15,6.38,few clouds
174,Cervo,ES,43.6702,-7.4101,77.2,75,85,8.3,overcast clouds
175,Cascais,PT,38.6979,-9.4215,84.06,53,20,13.8,few clouds
176,Emerald,AU,-23.5333,148.1667,53.74,54,0,6.91,clear sky
177,Trairi,BR,-3.2778,-39.2689,85.66,56,1,11.14,clear sky
178,Coihaique,CL,-45.5752,-72.0662,45.21,93,90,8.05,moderate rain
179,Kaitangata,NZ,-46.2817,169.8464,49.48,94,100,9.37,moderate rain
180,Port Macquarie,AU,-31.4333,152.9167,55.36,77,87,11.43,overcast clouds
181,Lamu,KE,-2.2717,40.902,80.82,82,79,10.18,broken clouds
182,Maningrida,AU,-12.0667,134.2667,70.5,80,63,8.77,broken clouds
183,Ribeira Grande,PT,38.5167,-28.7,70.2,68,20,9.22,few clouds
184,Bathsheba,BB,13.2167,-59.5167,88.41,55,40,20.74,scattered clouds
185,Nueve De Julio,AR,-35.4444,-60.8831,55.71,43,5,10.27,clear sky
186,Tasiilaq,GL,65.6145,-37.6368,39.36,85,98,18.21,overcast clouds
187,Tautira,PF,-17.7333,-149.15,77.02,78,92,16.15,light rain
188,Sukumo,JP,32.9333,132.7333,61.86,83,21,2.13,few clouds
189,Esperance,AU,-33.8667,121.9,58.84,77,87,28.05,light rain
190,Nara,JP,34.6851,135.8049,67.28,74,0,2.39,clear sky
191,Sorong,ID,-0.8833,131.25,79.61,88,100,12.86,light rain
192,Lapeer,US,43.0514,-83.3188,65.46,29,1,0.0,clear sky
193,Urumqi,CN,43.801,87.6005,76.15,22,0,2.82,clear sky
194,Bambanglipuro,ID,-7.95,110.2833,63.61,86,38,3.91,scattered clouds
195,Telde,ES,27.9924,-15.4192,77.22,53,20,27.63,few clouds
196,Kiunga,PG,-6.1219,141.2906,74.53,91,100,2.37,overcast clouds
197,Luderitz,NA,-26.6481,15.1594,64.87,59,83,17.18,broken clouds
198,Wuwei,CN,37.9281,102.6414,64.71,44,89,2.91,overcast clouds
199,Qaanaaq,GL,77.484,-69.3632,32.32,91,100,5.75,overcast clouds
200,Torbay,CA,47.6666,-52.7314,59.88,60,20,10.36,few clouds
201,Oranjemund,NA,-28.55,16.4333,58.19,76,0,10.71,clear sky
202,Lorengau,PG,-2.0226,147.2712,81.39,83,100,9.98,overcast clouds
203,Samarai,PG,-10.6167,150.6667,79.09,77,100,16.08,overcast clouds
204,Bianzhuang,CN,34.8486,118.0447,71.2,78,18,9.08,light rain
205,Pingzhuang,CN,42.0372,119.2889,59.61,52,32,10.04,scattered clouds
206,Elizabeth City,US,36.2946,-76.2511,59.05,95,90,1.01,overcast clouds
207,Necochea,AR,-38.5473,-58.7368,57.04,45,9,16.17,clear sky
208,Bure,ET,10.7,37.0667,79.14,22,34,1.03,scattered clouds
209,Amahai,ID,-3.3333,128.9167,78.3,84,100,3.11,light rain
210,Trinidad,BO,-14.8333,-64.9,80.58,69,40,6.91,scattered clouds
211,Avarua,CK,-21.2078,-159.775,71.65,73,75,3.44,broken clouds
212,Shakiso,ET,5.75,38.9167,61.43,69,53,3.53,broken clouds
213,Viseu,PT,40.661,-7.9097,82.85,37,15,9.93,few clouds
214,Inuvik,CA,68.3499,-133.7218,36.46,64,20,3.44,few clouds
215,Komsomolets,KZ,53.7453,62.0708,66.34,75,75,12.37,moderate rain
216,Port Elizabeth,ZA,-33.918,25.5701,61.11,67,0,5.75,clear sky
217,Saldanha,ZA,-33.0117,17.9442,64.45,75,7,9.73,clear sky
218,Chaihe,CN,44.7667,129.7,54.75,76,100,3.27,overcast clouds
219,Grenville,GD,12.1167,-61.6167,86.05,76,31,19.73,scattered clouds
220,Udachnyy,RU,66.4167,112.4,52.84,42,18,5.55,few clouds
221,Salinas,US,36.6777,-121.6555,56.84,81,90,0.0,overcast clouds
222,Mareeba,AU,-17.0,145.4333,63.45,92,67,2.86,broken clouds
223,Mindelo,CV,16.8901,-24.9804,78.35,57,75,21.16,broken clouds
224,Alofi,NU,-19.0595,-169.9187,76.89,94,39,5.75,moderate rain
225,Nuqui,CO,5.7125,-77.2708,84.04,72,86,2.59,overcast clouds
226,Grindavik,IS,63.8424,-22.4338,49.95,93,90,16.89,overcast clouds
227,Kalanaur,IN,28.8333,76.4,98.38,18,94,4.0,overcast clouds
228,Asfi,MA,32.2994,-9.2372,66.94,88,100,2.89,overcast clouds
229,Aitape,PG,-3.1374,142.3475,78.15,89,100,3.2,heavy intensity rain
230,San Carlos De Bariloche,AR,-41.1456,-71.3082,47.95,66,40,8.99,scattered clouds
231,New Norfolk,AU,-42.7826,147.0587,40.71,83,11,3.06,few clouds
232,Eyl,SO,7.9803,49.8164,80.6,78,98,21.74,overcast clouds
233,Ilam,NP,26.9167,87.9167,68.81,85,14,4.61,few clouds
234,Mogadishu,SO,2.0371,45.3438,78.75,81,100,13.78,overcast clouds
235,Salekhard,RU,66.53,66.6019,40.17,57,76,16.82,broken clouds
236,Skjervoy,NO,70.0311,20.9714,43.25,90,85,30.82,overcast clouds
237,Bethel,US,41.3712,-73.414,49.69,90,90,1.99,light rain
238,Parana,AR,-31.732,-60.5238,64.51,40,0,1.88,clear sky
239,Rincon,US,32.296,-81.2354,77.86,61,75,1.01,broken clouds
240,Cabo San Lucas,MX,22.8909,-109.9124,86.61,50,6,8.97,clear sky
241,Saint-Joseph,RE,-21.3667,55.6167,71.96,83,18,7.78,few clouds
242,Labuan,MY,5.2767,115.2417,80.76,89,20,0.0,few clouds
243,Katsuura,JP,35.1333,140.3,68.14,91,45,10.74,scattered clouds
244,Monrovia,LR,6.3005,-10.7969,82.17,74,98,8.21,light rain
245,Tete,MZ,-16.1564,33.5867,86.09,25,0,5.75,clear sky
246,Mangrol,IN,21.1167,70.1167,83.68,78,99,13.8,overcast clouds
247,Nantucket,US,41.2835,-70.0995,50.14,94,90,19.57,light rain
248,Mimongo,GA,-1.6195,11.6068,77.02,90,71,2.66,light rain
249,Kiskunlachaza,HU,47.1884,19.0093,62.1,55,96,5.23,light rain
250,Cockburn Town,TC,21.4612,-71.1419,80.13,79,78,18.57,broken clouds
251,Gombong,ID,-7.6072,109.5142,78.1,90,54,3.09,broken clouds
252,Maua,BR,-23.6678,-46.4614,72.19,95,100,5.91,overcast clouds
253,Tabou,CI,4.423,-7.3528,82.27,79,84,8.01,light rain
254,Meise,BE,50.9393,4.3266,74.52,41,0,10.2,clear sky
255,Rio Grande,BR,-32.035,-52.0986,57.31,46,25,13.09,scattered clouds
256,Iqaluit,CA,63.7506,-68.5145,35.33,69,75,13.0,broken clouds
257,Camacha,PT,33.0833,-16.3333,66.96,64,75,16.11,broken clouds
258,Pangnirtung,CA,66.1451,-65.7125,33.22,90,100,4.07,overcast clouds
259,Baracoa,CU,20.3467,-74.4958,83.86,70,30,4.45,scattered clouds
260,Kodiak,US,57.79,-152.4072,45.91,93,90,4.61,overcast clouds
261,Luanda,AO,-8.8368,13.2343,80.6,74,0,10.36,clear sky
262,Lafia,NG,8.4833,8.5167,92.71,47,100,3.49,overcast clouds
263,Salina Cruz,MX,16.1667,-95.2,88.12,60,30,3.85,scattered clouds
264,Ajdabiya,LY,30.7554,20.2263,85.01,35,0,16.89,clear sky
265,Vestmannaeyjar,IS,63.4427,-20.2734,47.39,100,90,20.71,light rain
266,Dubai,AE,25.2582,55.3047,95.29,52,0,8.05,clear sky
267,Pisco,PE,-13.7,-76.2167,65.01,88,90,5.75,overcast clouds
268,Nybro,SE,56.7446,15.9071,74.73,32,2,7.18,clear sky
269,Miquelon,PM,47.0975,-56.3814,46.4,81,73,5.37,broken clouds
270,Rafai,CF,4.95,23.9167,86.74,50,93,2.73,overcast clouds
271,Lagoa,PT,39.05,-27.9833,63.5,74,28,9.64,scattered clouds
272,Souillac,MU,-20.5167,57.5167,75.58,83,20,7.63,few clouds
273,Naranjal,EC,-2.6667,-79.6167,76.8,83,89,2.48,overcast clouds
274,Ponta Do Sol,PT,32.6667,-17.1,71.13,76,21,4.41,few clouds
275,Fort Nelson,CA,58.8053,-122.7002,51.39,58,75,3.44,broken clouds
276,Kamenka,RU,51.3223,42.7678,65.35,91,96,13.71,overcast clouds
277,Ahipara,NZ,-35.1667,173.1667,57.45,82,95,15.41,moderate rain
278,Montepuez,MZ,-13.1256,38.9997,73.58,54,46,4.0,scattered clouds
279,Bathurst,AU,-33.4166,149.5806,42.84,95,0,2.19,clear sky
280,Miyako,JP,39.6367,141.9525,52.48,83,18,6.11,few clouds
281,Venado Tuerto,AR,-33.7456,-61.9688,58.77,33,12,5.61,few clouds
282,Haines Junction,CA,60.7522,-137.5108,48.15,57,100,1.14,overcast clouds
283,Port Lincoln,AU,-34.7333,135.8667,55.2,45,79,11.07,broken clouds
284,Canaries,ES,28.0,-15.5,71.56,53,20,11.48,few clouds
285,Sola,VU,-13.8833,167.55,75.52,89,100,11.92,overcast clouds
286,Quatre Cocos,MU,-20.2078,57.7625,75.31,76,2,6.26,clear sky
287,Vila,PT,42.0304,-8.1588,78.75,50,49,4.27,scattered clouds
288,Sisophon,KH,13.5859,102.9737,80.47,81,8,6.76,clear sky
289,Faya,SA,18.3851,42.4509,80.71,25,67,2.73,broken clouds
290,Rundu,NA,-17.9333,19.7667,70.47,19,25,2.73,scattered clouds
291,Shahreza,IR,32.0339,51.8794,84.78,9,4,5.37,clear sky
292,Odweyne,SO,9.4092,45.064,85.86,24,65,11.23,broken clouds
293,Cidreira,BR,-30.1811,-50.2056,56.98,46,0,11.43,clear sky
294,Caernarfon,GB,53.1413,-4.2702,70.72,63,0,5.75,clear sky
295,Hasaki,JP,35.7333,140.8333,63.0,79,24,10.2,few clouds
296,Dedougou,BF,12.4667,-3.4667,104.85,16,44,4.34,scattered clouds
297,Kharp,RU,66.8014,65.8081,36.45,72,85,17.43,overcast clouds
298,Acapulco,MX,16.8634,-99.8901,87.62,62,75,5.48,broken clouds
299,Riyadh,SA,24.6877,46.7219,105.94,7,0,5.75,clear sky
300,Mitsamiouli,KM,-11.3847,43.2844,79.29,76,6,9.75,light rain
301,Batagay-Alyta,RU,67.8006,130.4114,42.48,76,99,9.95,overcast clouds
302,Chapais,CA,49.7834,-74.8492,58.78,28,0,8.3,clear sky
303,Novikovo,RU,51.1537,37.8879,53.83,94,100,10.83,overcast clouds
304,Tucurui,BR,-3.7661,-49.6725,89.4,52,3,4.68,clear sky
305,Paso De Los Toros,UY,-32.8167,-56.5167,53.94,44,0,8.28,clear sky
306,Morondava,MG,-20.2833,44.2833,74.05,68,0,11.25,clear sky
307,Nemuro,JP,43.3236,145.575,41.49,92,99,15.82,overcast clouds
308,Tashtagol,RU,52.7657,87.8894,51.57,72,86,0.98,overcast clouds
309,Kozhva,RU,65.1073,57.0459,43.0,55,100,8.34,overcast clouds
310,Loreto,MX,22.2667,-101.9667,75.25,38,64,8.99,broken clouds
311,Berberati,CF,4.2612,15.7922,79.5,72,96,4.16,overcast clouds
312,Alice Springs,AU,-23.7,133.8833,44.15,53,60,5.84,broken clouds
313,Tezu,IN,27.9167,96.1667,75.81,82,19,4.12,few clouds
314,Mar Del Plata,AR,-38.0023,-57.5575,56.08,47,0,1.99,clear sky
315,Henties Bay,NA,-22.116,14.2845,57.85,82,72,10.67,broken clouds
316,Montrose,US,38.4166,-108.2673,59.72,28,62,4.79,broken clouds
317,Panaba,MX,21.2833,-88.2667,90.12,45,22,7.49,few clouds
318,Poum,NC,-20.2333,164.0167,72.34,56,61,13.71,broken clouds
319,Campeche,MX,19.0,-90.5,93.36,37,44,4.74,scattered clouds
320,Georgetown,MY,5.4112,100.3354,85.89,83,20,1.01,light rain
321,Smolyaninovo,RU,43.2956,132.4675,47.66,94,94,3.4,overcast clouds
322,Kirkland Lake,CA,48.1446,-80.0377,61.63,25,0,6.31,clear sky
323,Algiers,DZ,36.7525,3.042,73.22,64,0,12.57,clear sky
324,Lipin Bor,RU,60.2622,37.9763,48.52,49,92,5.82,overcast clouds
325,Waw,SS,7.7029,27.9953,90.18,35,49,7.2,scattered clouds
326,Nancha,CN,47.1333,129.2667,49.17,96,99,0.72,moderate rain
327,La Ronge,CA,55.1001,-105.2842,52.05,62,1,4.61,clear sky
328,Hay River,CA,60.8156,-115.7999,42.76,81,75,8.05,broken clouds
329,Belturbet,IE,54.1,-7.45,62.62,90,74,7.65,broken clouds
330,Sitio Novo Do Tocantins,BR,-5.5183,-47.4611,91.33,49,20,11.5,few clouds
331,Maxixe,MZ,-23.8597,35.3472,76.82,69,20,4.61,few clouds
332,Luwuk,ID,-0.9516,122.7875,77.07,89,54,3.29,broken clouds
333,Dongsheng,CN,39.8161,109.9776,73.29,19,57,12.68,light rain
334,Kisangani,CD,0.5167,25.2,82.47,65,97,1.97,overcast clouds
335,Assens,DK,55.2702,9.9008,72.1,65,0,5.14,clear sky
336,Champawat,IN,29.3333,80.1,63.45,83,20,4.59,few clouds
337,Kalmunai,LK,7.4167,81.8167,83.39,76,41,4.99,scattered clouds
338,Leningradskiy,RU,69.3833,178.4167,31.37,81,54,3.98,broken clouds
339,Pereira Barreto,BR,-20.6383,-51.1092,91.09,26,78,9.84,broken clouds
340,Gulfport,US,30.3674,-89.0928,73.02,63,1,8.05,clear sky
341,Kurilsk,RU,45.2333,147.8833,38.88,96,100,10.09,overcast clouds
342,Dasoguz,TM,41.8363,59.9666,100.35,15,0,10.13,clear sky
343,Arcata,US,40.8665,-124.0828,52.57,88,90,3.58,overcast clouds
344,Laguna,US,38.421,-121.4238,73.22,74,1,1.99,clear sky
345,Luganville,VU,-15.5333,167.1667,72.14,91,100,5.64,overcast clouds
346,Jacareacanga,BR,-6.2222,-57.7528,92.95,39,4,4.72,clear sky
347,Kadoshkino,RU,54.0257,44.4191,45.19,92,100,16.73,moderate rain
348,Iberia,US,29.9502,-91.7507,71.98,64,1,7.72,clear sky
349,Westerly,US,41.3776,-71.8273,51.04,93,90,8.99,light rain
350,Sheltozero,RU,61.3667,35.3667,46.06,50,3,4.94,clear sky
351,Kamloops,CA,50.6665,-120.3192,63.82,51,75,9.22,broken clouds
352,San Juan,AR,-31.5375,-68.5364,67.73,35,0,6.8,clear sky
353,Yala,TH,6.3333,101.25,76.86,95,86,1.54,heavy intensity rain
354,Auriflama,BR,-20.6856,-50.5547,90.97,26,91,9.98,overcast clouds
355,Rodrigues Alves,BR,-7.738,-72.6509,88.0,59,64,0.47,broken clouds
356,Namatanai,PG,-3.6667,152.4333,79.11,82,92,6.24,light rain
357,Dabakala,CI,8.3667,-4.4333,92.68,43,66,5.14,light rain
358,Cieza,ES,38.24,-1.4199,80.83,37,100,12.62,overcast clouds
359,Richards Bay,ZA,-28.783,32.0377,65.34,68,15,11.99,few clouds
360,Humaita,BR,-7.5061,-63.0208,93.04,39,44,4.7,scattered clouds
361,Road Town,VG,18.4167,-64.6167,84.29,74,75,12.66,broken clouds
362,Manta,EC,-0.95,-80.7333,78.58,78,75,6.91,broken clouds
363,Pavilosta,LV,56.8879,21.1859,58.91,66,31,14.54,scattered clouds
364,Nouadhibou,MR,20.931,-17.0347,78.78,57,90,14.97,overcast clouds
365,Leh,IN,34.1667,77.5833,52.34,51,43,4.32,scattered clouds
366,Shakawe,BW,-18.3667,21.85,70.02,17,6,3.18,clear sky
367,Bourges,FR,47.25,2.4167,72.99,63,100,13.31,overcast clouds
368,Bakchar,RU,57.0186,82.0711,61.05,81,62,5.17,light rain
369,Isangel,VU,-19.55,169.2667,70.3,76,100,5.01,overcast clouds
370,Biograd Na Moru,HR,43.9433,15.4519,72.3,42,46,17.56,scattered clouds
371,Tanabe,JP,33.7333,135.3667,64.92,72,32,1.01,scattered clouds
372,Xining,CN,36.6167,101.7667,58.21,51,77,1.01,broken clouds
373,Doha,QA,25.2867,51.5333,104.31,54,0,13.8,clear sky
374,Satun,TH,6.8333,100.0,82.11,93,100,1.7,overcast clouds
375,Lasa,IT,46.6166,10.7002,71.51,64,34,5.82,scattered clouds
376,Nizhniy Baskunchak,RU,48.2198,46.8311,68.86,77,93,13.09,overcast clouds
377,Taltal,CL,-25.4,-70.4833,67.33,68,15,4.68,few clouds
378,Santa Maria,BR,-29.6842,-53.8069,54.7,50,0,4.0,clear sky
379,Jalu,LY,29.0331,21.5482,101.35,13,2,10.33,clear sky
380,Bam,IR,29.106,58.357,92.82,8,0,9.4,clear sky
381,Troitskoye,RU,52.9821,84.6757,54.5,74,40,5.64,scattered clouds
382,Jamkhandi,IN,16.5167,75.3,80.78,66,91,15.77,overcast clouds
383,Hirara,JP,24.8,125.2833,79.38,84,100,14.58,overcast clouds
384,Saint-Augustin,CA,51.226,-58.6502,60.51,31,0,7.9,clear sky
385,Kalabo,ZM,-14.97,22.6814,69.37,24,15,2.35,few clouds
386,Rawson,AR,-43.3002,-65.1023,43.09,65,75,13.65,broken clouds
387,Koutsouras,GR,35.0339,25.9469,72.73,64,37,4.94,scattered clouds
388,Vyartsilya,RU,62.1764,30.693,56.71,39,75,4.0,broken clouds
389,Gimli,CA,50.6336,-96.9907,65.43,76,66,8.05,broken clouds
390,Bereda,ES,43.2686,-7.5406,75.42,63,81,7.27,broken clouds
391,Gazanjyk,TM,39.2446,55.5154,99.57,13,0,10.18,clear sky
392,Charlestown,AU,-32.95,151.6667,56.73,79,86,3.0,overcast clouds
393,Bhadasar,IN,28.2833,74.3167,98.73,21,85,8.21,overcast clouds
394,Karratha,AU,-20.7377,116.8463,69.8,53,73,8.41,broken clouds
395,Grand Gaube,MU,-20.0064,57.6608,75.6,79,1,1.99,clear sky
396,Lazaro Cardenas,MX,17.9583,-102.2,86.99,54,68,3.24,broken clouds
397,Iquique,CL,-20.2208,-70.1431,64.44,67,100,7.36,overcast clouds
398,Medea,DZ,36.2642,2.7539,64.85,30,74,7.96,broken clouds
399,Moose Factory,CA,51.2585,-80.6094,66.2,22,1,12.66,clear sky
400,Laurel,US,39.0993,-76.8483,54.05,86,90,4.0,overcast clouds
401,Havre-Saint-Pierre,CA,50.2334,-63.5986,57.56,51,1,9.22,clear sky
402,Shimanovsk,RU,52.0,127.7,47.14,93,36,3.71,scattered clouds
403,Mackenzie,CA,55.2999,-123.1698,46.62,66,90,5.75,overcast clouds
404,Wanaka,NZ,-44.7,169.15,46.42,96,100,5.84,overcast clouds
405,Kloulklubed,PW,7.0419,134.2556,79.3,76,100,26.08,overcast clouds
406,Mongo,TD,12.1844,18.693,106.36,7,2,7.72,clear sky
407,Daru,PG,-9.0763,143.2092,77.79,81,94,15.19,overcast clouds
408,Hamilton,US,39.1834,-84.5333,60.21,71,90,1.01,overcast clouds
409,Kulhudhuffushi,MV,6.6221,73.07,83.7,75,84,19.89,broken clouds
410,Sao Jose Da Coroa Grande,BR,-8.8978,-35.1478,80.85,77,79,11.9,broken clouds
411,Villarrubia De Los Ojos,ES,39.2209,-3.608,92.93,17,96,13.02,overcast clouds
412,Ashland,US,40.8167,-82.2665,61.48,54,99,9.19,overcast clouds
413,Junnar,IN,19.2,73.8833,77.86,78,65,10.0,broken clouds
414,Moen,NO,69.1304,18.6123,48.92,61,75,5.75,broken clouds
415,Ilebo,CD,-4.3167,20.5833,84.25,47,88,0.81,overcast clouds
416,Ostrovnoy,RU,68.0531,39.5131,42.48,84,100,13.91,overcast clouds
417,North Bend,US,43.4065,-124.2243,55.17,82,90,6.91,overcast clouds
418,Norman Wells,CA,65.282,-126.8329,37.44,93,90,9.22,overcast clouds
419,Voronovytsya,UA,49.1095,28.6808,59.11,72,63,7.74,broken clouds
420,Tura,IN,25.5198,90.2201,74.46,90,9,4.21,clear sky
421,Dingle,PH,10.9995,122.6711,78.87,89,82,1.12,broken clouds
422,Valentin Gomez Farias,MX,28.2167,-106.5833,76.86,13,100,5.48,overcast clouds
423,Jatiroto,ID,-7.8833,111.1167,73.85,96,61,3.27,broken clouds
424,Shingu,JP,33.7333,135.9833,64.9,77,77,4.83,broken clouds
425,Gobabis,NA,-22.45,18.9667,66.6,21,37,4.59,scattered clouds
426,Sao Gabriel,BR,-30.3364,-54.32,54.72,47,52,5.7,broken clouds
427,Coquimbo,CL,-29.9533,-71.3436,55.13,87,75,3.83,broken clouds
428,Margate,GB,51.3813,1.3862,64.18,62,5,1.99,clear sky
429,Mount Isa,AU,-20.7333,139.5,56.97,33,4,0.0,clear sky
430,Freeport,US,40.6576,-73.5832,52.09,94,90,3.0,overcast clouds
431,Brainerd,US,46.358,-94.2008,61.09,72,90,9.22,overcast clouds
432,Vao,NC,-22.6667,167.4833,70.23,54,95,18.66,overcast clouds
433,Kholodnyy,RU,62.7167,147.95,41.7,77,100,4.97,overcast clouds
434,Natchez,US,31.5604,-91.4032,67.24,65,1,6.91,clear sky
435,Bundaberg,AU,-24.85,152.35,57.22,83,46,3.0,scattered clouds
436,Sumbe,AO,-11.2061,13.8437,80.89,69,22,8.5,few clouds
437,Aklavik,CA,68.2191,-135.0107,36.43,60,20,10.36,few clouds
438,Nikolsk,RU,53.7189,46.0712,50.81,95,100,12.77,overcast clouds
439,Jinzhou,CN,41.1078,121.1417,57.56,63,0,6.24,light rain
440,Imbituba,BR,-28.24,-48.6703,64.29,63,100,7.85,overcast clouds
441,Kirakira,SB,-10.4544,161.9205,77.59,90,98,8.37,overcast clouds
442,Nuevo Progreso,MX,23.1667,-97.95,85.46,65,20,10.0,few clouds
443,Sambava,MG,-14.2667,50.1667,74.71,88,19,8.5,light rain
444,Kupang,ID,-10.1667,123.5833,76.62,87,84,11.05,broken clouds
445,Kattivakkam,IN,13.2167,80.3167,89.08,72,40,17.22,scattered clouds
446,Turayf,SA,31.6725,38.6637,89.85,11,0,11.5,clear sky
447,Sao Joao Da Barra,BR,-21.6403,-41.0511,86.09,65,47,4.0,scattered clouds
448,Ojinaga,MX,29.5667,-104.4167,79.75,53,1,12.66,clear sky
449,Chumikan,RU,54.7183,135.315,34.34,98,100,3.29,overcast clouds
450,Maceio,BR,-9.6658,-35.7353,81.84,78,75,12.33,broken clouds
451,Talnakh,RU,69.4865,88.3972,36.34,85,100,18.97,light rain
452,Krasnoarmeysk,RU,51.0239,45.6969,65.35,70,99,11.59,overcast clouds
453,Kochinda,IN,21.7333,84.35,89.11,48,69,7.81,broken clouds
454,Saint-Louis,SN,16.3333,-15.0,112.64,11,74,5.23,broken clouds
455,Berlevag,NO,70.8578,29.0864,42.6,84,98,26.53,overcast clouds
456,Klaksvik,FO,62.2266,-6.589,56.32,95,84,21.32,broken clouds
457,Borba,BR,-4.3878,-59.5939,89.47,52,85,3.67,overcast clouds
458,Bilma,NE,18.6853,12.9164,105.57,5,0,11.36,clear sky
459,Qui Nhon,VN,13.7667,109.2333,82.98,82,9,4.21,clear sky
460,Codrington,AU,-38.2667,141.9667,41.09,74,2,7.87,clear sky
461,Halifax,CA,44.6453,-63.5724,54.41,81,100,3.0,overcast clouds
462,Tokonou,GN,9.65,-9.7833,91.42,41,74,2.93,light rain
463,Anloga,GH,5.7947,0.8973,89.82,74,94,14.5,overcast clouds
464,Quelimane,MZ,-17.8786,36.8883,78.75,73,0,6.91,clear sky
465,Intipuca,SV,13.1969,-88.0544,85.89,50,95,1.72,overcast clouds
466,Redlands,US,34.0556,-117.1825,86.65,58,90,4.61,overcast clouds
467,Kieta,PG,-6.2167,155.6333,77.83,86,72,3.76,light rain
468,Atikokan,CA,48.7555,-91.6216,49.05,91,100,7.85,overcast clouds
469,Calbuco,CL,-41.768,-73.1273,51.01,88,100,19.89,overcast clouds
470,Hambantota,LK,6.1241,81.1185,82.74,83,20,20.27,few clouds
471,Aban,RU,56.67,96.06,38.7,76,100,2.01,overcast clouds
472,Balkhash,KZ,46.844,74.9804,72.01,31,0,0.47,clear sky
473,Rakaia,NZ,-43.75,172.0167,51.82,79,100,5.99,overcast clouds
474,Burdur,TR,37.7203,30.2908,70.32,52,75,2.57,light rain
475,Sai Buri,TH,6.7013,101.6168,79.7,83,39,1.7,scattered clouds
476,Wasilla,US,61.5814,-149.4394,49.48,77,40,0.0,scattered clouds
477,Normandin,CA,48.8333,-72.5321,57.33,47,0,8.05,clear sky
478,Perth,AU,-31.9333,115.8333,56.86,93,0,13.29,clear sky
479,High Level,CA,58.5169,-117.136,57.31,58,75,3.42,broken clouds
480,Tuburan,PH,6.6439,122.2736,78.89,78,95,4.07,moderate rain
481,Yerbogachen,RU,61.2767,108.0108,46.83,60,94,12.59,overcast clouds
482,Vohibinany,MG,-17.35,49.0333,67.57,96,2,2.17,clear sky
483,Los Llanos De Aridane,ES,28.6585,-17.9182,67.75,81,20,13.27,few clouds
484,Kavaratti,IN,10.5669,72.642,83.75,75,99,18.81,overcast clouds
485,Ponoka,CA,52.6768,-113.5815,59.65,54,8,6.71,clear sky
486,College,US,64.8569,-147.8028,50.32,69,1,10.36,clear sky
487,Treinta Y Tres,UY,-33.2333,-54.3833,55.13,47,0,13.0,clear sky
488,Plettenberg Bay,ZA,-34.0527,23.3716,57.9,81,97,5.77,overcast clouds
489,Banki,IN,20.3833,85.5333,88.99,60,73,8.16,broken clouds
490,Douentza,ML,14.9951,-2.9517,108.84,8,2,15.66,clear sky
491,Kibre Mengist,ET,5.8833,38.9833,61.59,73,46,2.57,scattered clouds
492,Pevek,RU,69.7008,170.3133,37.2,70,0,6.44,clear sky
493,Praia,CV,14.9215,-23.5087,81.14,57,20,23.02,few clouds
494,Kouango,CF,4.9934,19.9619,88.36,55,77,4.61,broken clouds
495,Akyab,MM,20.15,92.9,83.19,82,89,4.56,overcast clouds
496,Astana,KZ,51.1801,71.446,78.75,38,40,10.63,scattered clouds
497,Najran,SA,17.4924,44.1277,97.45,12,5,7.2,clear sky
498,Olafsvik,IS,64.8945,-23.7142,43.23,95,100,9.51,moderate rain
499,Ilulissat,GL,69.2167,-51.1,50.02,32,62,8.05,broken clouds
500,Deputatskiy,RU,69.3,139.9,45.81,63,99,4.79,overcast clouds
501,Guerrero Negro,MX,27.9769,-114.0611,63.82,66,30,15.19,scattered clouds
502,Nanjing,CN,32.0617,118.7778,79.77,67,63,4.38,light rain
503,Ossora,RU,59.2353,163.0719,36.86,95,98,3.4,overcast clouds
504,Jenks,US,36.0229,-95.9683,63.5,74,1,9.22,clear sky
505,Valdemoro,ES,40.1908,-3.6789,91.22,22,0,8.72,clear sky
506,Duku,NG,11.2361,4.9073,102.61,21,31,5.77,scattered clouds
507,Vardo,NO,70.3705,31.1107,44.8,76,99,23.04,overcast clouds
508,Itacare,BR,-14.2775,-38.9967,84.09,56,28,6.33,scattered clouds
509,Benguela,AO,-12.5763,13.4055,82.11,58,2,10.54,clear sky
510,Sakakah,SA,29.9697,40.2064,101.77,9,13,10.94,few clouds
511,Beloha,MG,-25.1667,45.05,69.19,66,12,7.65,few clouds
512,Khowst,AF,33.3833,69.8833,82.92,29,3,3.09,clear sky
513,Paignton,GB,50.4357,-3.5679,64.65,75,63,4.0,broken clouds
514,Harrison,US,30.4091,-89.0436,72.34,63,1,8.05,clear sky
515,Winnemucca,US,40.973,-117.7357,66.11,27,1,6.24,clear sky
516,Imamoglu,TR,37.2651,35.6572,82.11,42,6,10.89,clear sky
517,Tual,ID,-5.6667,132.75,81.36,77,99,18.88,overcast clouds
518,Narayanganj,BD,23.6233,90.5011,83.77,71,100,8.16,overcast clouds
519,Bacolod,PH,10.6667,122.95,79.81,85,61,4.47,broken clouds
520,Nelson Bay,AU,-32.7167,152.15,57.0,90,85,12.73,overcast clouds
521,Portland,US,45.5234,-122.6762,65.7,65,20,1.99,few clouds
522,Chilchotla,MX,19.2548,-97.1844,67.51,54,27,5.53,scattered clouds
523,Oyama,JP,36.3,139.8,71.58,79,55,1.34,broken clouds
524,Pahrump,US,36.2083,-115.9839,85.69,15,0,1.01,clear sky
525,Inhambane,MZ,-23.865,35.3833,76.98,69,20,4.61,few clouds
526,Maragogi,BR,-9.0122,-35.2225,80.78,76,69,11.9,broken clouds
527,Wewak,PG,-3.5534,143.6268,80.8,84,99,11.05,overcast clouds
528,Gizo,SB,-8.103,156.8419,80.89,79,83,6.44,light rain
529,Sobradinho,BR,-12.8333,-39.1,86.02,41,77,8.32,broken clouds
530,Ciudad Bolivar,VE,8.1222,-63.5497,91.51,42,71,8.55,broken clouds
531,Ishigaki,JP,24.3448,124.1572,81.25,80,100,9.37,overcast clouds
532,Vanimo,PG,-2.6741,141.3028,78.39,89,100,6.08,moderate rain
533,Hobyo,SO,5.3505,48.5268,79.88,80,97,24.56,overcast clouds
534,Cedral,MX,23.8,-100.7333,72.7,55,16,11.92,few clouds
535,Evensk,RU,61.95,159.2333,38.7,78,100,1.95,overcast clouds
536,Krasnyy Yar,RU,46.5331,48.3456,69.73,58,80,12.93,broken clouds
537,Mosetse,BW,-20.75,26.65,68.04,22,6,2.19,clear sky
538,Kirkenaer,NO,60.4564,12.0582,82.99,30,4,5.17,clear sky
539,Havoysund,NO,70.9963,24.6622,43.03,92,100,30.33,overcast clouds
540,Namibe,AO,-15.1961,12.1522,75.22,66,15,15.37,few clouds
541,Zhigansk,RU,66.7697,123.3711,49.12,52,1,10.51,clear sky
542,Chekhov,RU,55.1431,37.4711,56.08,56,94,11.59,light rain
543,Berdigestyakh,RU,62.0989,126.6992,46.6,65,100,1.97,overcast clouds
544,Magadan,RU,59.5667,150.8,35.46,99,100,4.32,light rain
545,Pemangkat,ID,1.1667,108.9667,80.87,77,12,1.21,few clouds
546,Lerwick,GB,60.1545,-1.1494,50.0,85,24,12.26,few clouds
547,Ormond Beach,US,29.2858,-81.0559,86.05,71,40,5.75,scattered clouds
548,Callaguip,PH,18.0714,120.4867,84.22,84,75,2.13,broken clouds
549,Milkovo,RU,54.7167,158.6167,44.22,89,100,4.88,overcast clouds
550,Valparaiso,CL,-33.0393,-71.6273,70.03,47,0,11.5,clear sky
551,Lumberton,US,34.6182,-79.0086,60.94,83,100,12.01,overcast clouds
552,Asilah,MA,35.465,-6.0348,75.16,66,100,2.19,overcast clouds
553,Kagadi,UG,0.9606,30.7967,70.83,74,80,2.42,broken clouds
554,Teguldet,RU,57.3064,88.1667,44.44,57,96,4.83,overcast clouds
555,Darhan,MN,49.4867,105.9228,41.72,61,50,8.66,scattered clouds
556,Tres Lagoas,BR,-20.7511,-51.6783,92.71,24,80,9.48,broken clouds
557,Belyy Yar,RU,53.6039,91.3903,53.49,58,0,2.19,clear sky
558,Kodinsk,RU,58.6881,99.1844,36.68,95,95,0.22,overcast clouds
559,Altamont,US,42.2068,-121.7372,62.89,43,1,3.0,clear sky
560,Boueni,YT,-12.9025,45.0761,80.58,70,0,6.11,clear sky
561,Hutchinson,US,38.0608,-97.9298,59.36,81,75,3.44,light rain
562,Port Hueneme,US,34.1478,-119.1951,66.63,83,90,6.91,overcast clouds
563,Zalantun,CN,48.0,122.7167,50.85,81,61,1.81,broken clouds
564,Tomatlan,MX,19.9333,-105.25,88.99,30,34,4.52,scattered clouds
565,Mayo,US,38.8876,-76.5119,54.43,90,90,1.01,overcast clouds
566,Dharmadam,IN,11.7833,75.4333,79.63,84,50,4.88,scattered clouds
567,Teya,RU,60.3778,92.6267,39.97,63,18,1.95,few clouds
568,Zeya,RU,53.75,127.2667,47.86,94,97,2.06,overcast clouds
569,Ternate,ID,0.8,127.4,81.73,80,100,7.38,overcast clouds
570,Yar-Sale,RU,66.8333,70.8333,44.53,49,61,19.1,broken clouds
571,Puerto Del Rosario,ES,28.5004,-13.8627,78.48,73,20,17.27,few clouds
572,Jinchang,CN,38.4953,102.1739,67.69,34,95,4.45,overcast clouds
573,Borogontsy,RU,62.6683,131.1683,48.13,97,64,6.35,broken clouds
574,Khash,IR,28.2211,61.2158,87.66,7,0,9.75,clear sky
575,Uyuni,BO,-20.4597,-66.825,45.43,17,94,15.73,overcast clouds
576,Sungurlu,TR,40.1675,34.3739,72.25,46,47,8.55,scattered clouds
577,Sovetskoye,RU,52.2861,85.4131,52.43,77,13,5.44,few clouds
578,Iquitos,PE,-3.7481,-73.2472,86.04,79,40,8.05,scattered clouds
579,Ilorin,NG,8.5,4.55,94.8,40,22,3.71,few clouds
580,Trzcianka,PL,53.0406,16.4563,61.02,58,82,5.97,broken clouds
581,Arcachon,FR,44.5875,-1.0519,80.92,53,0,11.5,clear sky
582,Tulun,RU,54.5611,100.5792,36.55,87,100,3.87,overcast clouds
583,Coos Bay,US,43.3665,-124.2179,55.24,82,90,6.91,overcast clouds
584,Lingsugur,IN,16.1667,76.5167,83.82,62,85,14.92,overcast clouds
585,Mulanje,MW,-16.0316,35.5,68.25,54,0,5.06,clear sky
586,Kaeo,NZ,-35.1,173.7833,50.32,96,83,12.73,light rain
587,Vieques,PR,18.425,-65.8329,87.82,58,40,14.81,scattered clouds
588,Bisho,ZA,-32.8472,27.4422,48.56,75,48,3.62,scattered clouds
589,West Des Moines,US,41.572,-93.7453,64.38,62,75,8.99,broken clouds
590,Wajir,KE,1.7471,40.0573,88.38,36,89,8.08,overcast clouds
591,Abu Samrah,SY,35.3029,37.1841,82.9,22,0,13.15,clear sky
592,Vilhena,BR,-12.7406,-60.1458,84.42,51,0,10.36,clear sky
593,Tuatapere,NZ,-46.1333,167.6833,49.82,96,100,8.12,overcast clouds
594,Vagur,FO,61.4732,-6.8119,47.73,95,48,20.29,scattered clouds
595,Bitung,ID,1.4451,125.1824,79.65,84,99,4.99,overcast clouds
596,Solone,UA,48.2081,34.8721,73.06,64,46,7.07,scattered clouds
597,Nishihara,JP,26.1842,127.7558,73.45,100,90,14.16,overcast clouds
598,Waingapu,ID,-9.6567,120.2641,76.77,81,97,7.14,overcast clouds
599,Napier,NZ,-39.4833,176.9167,41.29,90,44,5.21,scattered clouds
600,Homer,US,59.6425,-151.5483,50.81,69,90,0.0,overcast clouds
601,Arkhangelsk,RU,64.5401,40.5433,48.31,46,40,5.03,scattered clouds
602,Togur,RU,58.3631,82.8265,56.95,74,56,7.31,broken clouds
603,Oxapampa,PE,-10.5775,-75.4017,69.17,68,60,3.71,broken clouds
604,Praia Da Vitoria,PT,38.7333,-27.0667,71.76,73,40,9.73,scattered clouds
605,Umm Kaddadah,SD,13.6017,26.6876,102.49,10,36,10.83,scattered clouds
606,Curup,ID,-3.4667,102.5333,68.22,99,98,2.21,overcast clouds
607,Yumen,CN,40.2833,97.2,69.8,19,100,10.18,light rain
608,Lumut,MY,4.2323,100.6298,80.62,83,20,2.3,few clouds
609,Garmsar,IR,35.2182,52.3409,95.38,8,0,4.7,clear sky
610,Mayumba,GA,-3.432,10.6554,78.93,80,42,9.31,scattered clouds
611,Ampanihy,MG,-24.7,44.75,68.02,69,11,5.23,few clouds
612,Westport,US,41.1415,-73.3579,51.89,93,90,1.01,light rain
613,Hacari,CO,8.3233,-73.1489,75.96,70,62,4.18,broken clouds
614,Malakal,SS,9.5334,31.6605,98.26,23,45,4.43,scattered clouds
615,Ust-Maya,RU,60.4167,134.5333,53.56,56,93,9.17,overcast clouds
616,Langsa,ID,4.4683,97.9683,76.33,96,100,2.75,overcast clouds
617,Coahuayana,MX,18.7333,-103.6833,90.88,29,90,3.67,overcast clouds
618,Buin,CL,-33.7333,-70.75,61.05,36,1,2.64,clear sky
619,Vaxjo,SE,56.8777,14.8091,75.79,30,2,5.75,clear sky
620,Sorland,NO,67.667,12.6934,46.47,91,100,18.21,overcast clouds
621,Joshimath,IN,30.5667,79.5667,65.37,82,88,0.98,overcast clouds
622,La Libertad,EC,-2.2333,-80.9,73.06,88,90,8.05,overcast clouds
623,Stykkisholmur,IS,65.0757,-22.7297,44.53,90,100,10.0,light rain
624,Asha,RU,54.9973,57.2722,60.94,97,100,1.41,light rain
625,Oriximina,BR,-1.7656,-55.8661,89.46,51,27,6.67,scattered clouds
626,Iralaya,HN,15.0,-83.2333,84.29,64,100,9.26,overcast clouds
627,Naze,JP,28.3667,129.4833,70.45,80,100,12.17,overcast clouds
628,Rio Gallegos,AR,-51.6226,-69.2181,33.85,80,0,8.05,clear sky
629,Nuuk,GL,64.1835,-51.7216,36.21,87,90,9.22,overcast clouds
630,Mutoko,ZW,-17.397,32.2268,63.16,30,0,3.85,clear sky
631,Domoni,KM,-12.2569,44.5319,77.67,81,11,5.12,few clouds
632,Christchurch,NZ,-43.5333,172.6333,53.01,97,75,1.99,broken clouds
633,Beringovskiy,RU,63.05,179.3167,30.15,78,11,8.86,few clouds
634,Caravelas,BR,-17.7125,-39.2481,83.44,61,10,9.37,clear sky
635,Kaili,ID,-3.4626,120.2147,68.41,97,100,1.21,overcast clouds
636,Kjopsvik,NO,68.097,16.3742,47.17,93,100,5.5,overcast clouds
637,Rocha,UY,-34.4833,-54.3333,54.39,50,5,15.28,clear sky
638,Amapa,BR,1.0,-52.0,82.99,73,46,4.34,scattered clouds
639,Bonthe,SL,7.5264,-12.505,81.46,80,100,8.19,light rain
640,Viransehir,TR,37.2353,39.7631,84.42,21,0,6.91,clear sky
641,Port Hardy,CA,50.6996,-127.4199,51.98,93,90,4.61,light rain
642,Salalah,OM,17.0151,54.0924,84.29,84,75,10.36,broken clouds
643,Manjacaze,MZ,-24.7117,33.8828,68.31,76,34,12.71,scattered clouds
644,Nadym,RU,65.5333,72.5167,44.73,67,100,10.74,overcast clouds
645,Manicore,BR,-5.8092,-61.3003,94.01,41,26,3.91,scattered clouds
646,Basco,PH,20.4487,121.9702,84.87,82,100,15.61,overcast clouds
647,Qiongshan,CN,20.0058,110.3542,84.18,89,0,6.82,clear sky
648,Andapa,MG,-14.65,49.65,66.52,99,22,0.85,few clouds
649,Sanlucar De Barrameda,ES,36.7781,-6.3515,88.36,42,0,14.65,clear sky
650,Bjornevatn,NO,69.6672,29.9847,46.74,57,75,12.66,broken clouds
651,Estelle,US,29.8458,-90.1067,74.05,62,40,11.5,scattered clouds
652,Paka,MY,4.6374,103.4368,78.73,100,33,5.95,scattered clouds
653,Sao Desiderio,BR,-12.3633,-44.9733,93.96,18,64,6.51,broken clouds
654,Sendhwa,IN,21.6833,75.1,77.4,63,98,6.17,light rain
655,Severnyy-Kospashskiy,RU,59.0925,57.8008,45.61,97,97,10.02,overcast clouds
656,Seoul,KR,37.5683,126.9778,62.2,97,90,2.21,overcast clouds
657,San Patricio,US,28.017,-97.5169,84.29,59,12,13.42,few clouds
658,Qaracala,AZ,39.8132,48.9523,80.04,49,0,18.25,clear sky
659,Mwense,ZM,-10.3845,28.698,69.21,47,51,1.97,broken clouds
660,Kostrzyn,PL,52.3985,17.2281,65.98,42,61,8.01,broken clouds
661,Ca Mau,VN,9.1769,105.15,81.39,84,55,4.23,broken clouds
662,Ulaangom,MN,49.9811,92.0667,53.15,32,57,4.43,broken clouds
663,Rockport,US,28.0206,-97.0544,84.45,79,40,5.01,scattered clouds
664,Hovd,MN,48.0056,91.6419,52.72,32,0,5.06,clear sky
665,Huarmey,PE,-10.0681,-78.1522,70.32,76,72,8.66,broken clouds
666,Nhulunbuy,AU,-12.2333,136.7667,75.81,83,40,8.05,scattered clouds
667,Shelburne,CA,44.0787,-80.2041,62.24,29,0,8.16,clear sky
668,Emba,KZ,48.8264,58.1442,79.7,34,3,8.14,clear sky
669,Denpasar,ID,-8.65,115.2167,78.46,89,20,1.88,few clouds
670,Sabha,LY,27.0377,14.4283,107.87,5,6,8.14,clear sky
671,Kenai,US,60.5544,-151.2583,49.03,80,90,11.5,overcast clouds
672,Pulsano,IT,40.3821,17.3564,71.13,71,20,5.01,few clouds
673,Ahar,IR,38.4774,47.0699,71.8,27,0,5.97,clear sky
674,Buritis,BR,-15.6178,-46.4233,90.23,32,2,5.64,clear sky
675,Maneadero,MX,31.7167,-116.5667,60.1,82,33,3.0,scattered clouds
676,Dutse,NG,11.7594,9.3392,104.68,8,4,10.13,clear sky
677,Mildura,AU,-34.2,142.15,33.76,93,0,4.61,clear sky
678,Boyolangu,ID,-8.1181,111.8935,75.58,92,99,3.87,overcast clouds
679,Ambon,ID,-3.6954,128.1814,80.06,81,100,8.21,overcast clouds
680,Inta,RU,66.0317,60.1659,42.35,48,100,13.96,overcast clouds
681,Rosarito,MX,32.3333,-117.0333,62.08,68,58,4.72,broken clouds
682,Robertsport,LR,6.7533,-11.3686,81.59,79,100,9.75,overcast clouds
683,Yarada,IN,17.65,83.2667,88.12,84,40,3.15,scattered clouds
684,Khorixas,NA,-20.3667,14.9667,78.15,16,97,4.32,overcast clouds
685,Launceston,AU,-41.45,147.1667,37.15,94,3,1.32,clear sky
686,Guna,IN,24.65,77.3167,93.7,28,23,1.43,few clouds
687,Lampa,CL,-33.2833,-70.9,61.34,65,1,2.64,clear sky
688,Tucuma,BR,-0.1833,-50.05,86.85,62,16,7.05,few clouds
689,Acarau,BR,-2.8856,-40.12,86.85,57,5,12.28,clear sky
690,Wuchang,CN,44.9143,127.15,59.7,60,99,6.08,overcast clouds
691,Cravo Norte,CO,6.3017,-70.2041,84.04,67,93,8.68,heavy intensity rain
692,Lusambo,CD,-4.9667,23.45,81.82,43,96,1.3,overcast clouds
693,Magdagachi,RU,53.45,125.8,45.34,97,24,2.98,few clouds
694,Broken Hill,AU,-31.95,141.4333,44.31,45,1,10.36,clear sky
695,Sechura,PE,-5.5569,-80.8222,75.27,65,82,7.7,broken clouds
696,Tongliao,CN,43.6125,122.2653,58.15,48,26,7.99,scattered clouds
697,Muros,ES,42.7762,-9.0603,85.68,46,100,14.12,overcast clouds
698,Itanhandu,BR,-22.2958,-44.9347,70.9,46,42,4.34,scattered clouds
699,Malanville,BJ,11.8685,3.3899,106.11,18,53,9.98,broken clouds
700,Mairang,IN,25.5667,91.6333,61.72,94,14,2.24,few clouds
701,Kuusamo,FI,65.9667,29.1833,59.04,31,0,14.97,clear sky
702,Zhezkazgan,KZ,47.8043,67.7144,76.21,43,76,12.71,broken clouds
703,Ozinki,RU,51.1786,49.6769,76.64,54,8,6.2,clear sky
704,Den Helder,NL,52.9599,4.7593,69.98,82,2,12.66,clear sky
705,Una,IN,20.8167,71.0333,83.17,77,79,14.56,broken clouds
706,Port Huron,US,42.9709,-82.4249,65.93,53,1,1.01,clear sky
707,Lixourion,GR,38.2019,20.4314,77.0,53,0,11.21,clear sky
708,Itoigawa,JP,37.0333,137.85,56.01,83,2,3.83,clear sky
709,Orlik,RU,52.5178,99.825,33.42,80,96,3.8,overcast clouds
710,Lahij,YE,13.1667,44.5833,92.91,30,51,6.22,broken clouds
711,Tran,BG,42.8353,22.6517,57.79,96,100,6.06,light rain
712,Lianzhou,CN,24.7811,112.3825,74.32,99,97,1.63,light rain
713,Tecoanapa,MX,16.5167,-98.75,89.47,54,71,4.68,broken clouds
714,Bukama,CD,-9.2,25.85,74.61,32,71,1.43,broken clouds
715,Goderich,CA,43.7501,-81.7165,66.04,66,0,11.5,clear sky
716,Korla,CN,41.7597,86.1469,79.92,20,34,6.17,scattered clouds
717,Ribeira Brava,PT,32.65,-17.0667,70.72,78,37,4.41,scattered clouds
718,Maniitsoq,GL,65.4167,-52.9,35.64,87,100,5.7,overcast clouds
719,Opuwo,NA,-18.0607,13.84,77.07,19,33,5.01,scattered clouds
